payment_method,avg_ride_distance_km,avg_ride_duration_min,avg_fare_amount,ride_count,cancellation_rate
Card,13.390502092050209,47.35983263598327,136.49573221757322,239,0.10460251046025104
Cash,12.951007194244605,45.895323741007196,133.85237410071943,278,0.10071942446043165
UPI,12.704497816593886,45.10393013100436,133.12100436681223,229,0.09170305676855896
Wallet,12.031732283464567,43.07283464566929,125.11681102362205,254,0.1062992125984252
